SMILES,des_cv,pred_cv,Err_pred_des
C1CNN=NN=NN=N1,25.413,25.066505432128906,0.013634540112190376
N=CNC=O,16.12,14.866419792175293,0.07776552157721513
N.N=CNNNNN,16.12,15.05752182006836,0.0659105570677197
CC1CCN1C(=N)N,36.403,36.93214416503906,0.014535729611270056
c1nnnnnnnnn1,27.443,30.14836311340332,0.09858117237194618
