,train_tsne1,train_tsne2,test_tsne1,test_tsne2
0,8.708059,-25.477253,-4.7003202,-5.0081277
1,35.893898,-13.85045,-7.845272,6.462917
